id,first_name,last_name,email,gender,ip_address
1,Elinor,Jerok,ejerok0@oakley.com,Female,35.113.156.76
2,Louis,Starsmore,lstarsmore1@123-reg.co.uk,Male,45.191.198.181
3,Gerri,Dunthorn,gdunthorn2@ebay.co.uk,Male,83.45.75.36
4,Nonah,Millership,nmillership3@google.com.au,Female,156.48.121.234
5,Hakim,Parsons,hparsons4@sogou.com,Male,10.199.217.141
6,Quinlan,Cardenosa,qcardenosa5@1688.com,Genderfluid,172.116.254.213
7,Marie-jeanne,Valois,mvalois6@squidoo.com,Female,249.81.64.187
8,Nixie,Redpath,nredpath7@sfgate.com,Female,217.20.177.38
9,Tabor,Harsnipe,tharsnipe8@uiuc.edu,Male,110.12.1.83
10,Cleve,Golsby,cgolsby9@google.com.au,Male,47.151.193.0
11,Becca,Hadcroft,bhadcrofta@t.co,Female,89.98.33.165
12,Lucie,Nequest,lnequestb@altervista.org,Female,207.84.102.149
13,Rustin,Tunuy,rtunuyc@drupal.org,Male,19.57.141.10
14,Bevin,Troucher,btroucherd@tmall.com,Male,63.94.169.164
15,Benyamin,Eich,beiche@loc.gov,Male,202.121.132.50
16,Cathee,Klimczak,cklimczakf@nytimes.com,Bigender,205.63.206.195
17,Vincenz,Hughlock,vhughlockg@woothemes.com,Genderqueer,110.251.44.127
18,Alfredo,Hendrich,ahendrichh@domainmarket.com,Male,80.54.62.4
19,Em,Dagworthy,edagworthyi@oaic.gov.au,Genderqueer,30.76.225.90
20,Mick,Strauss,mstraussj@imgur.com,Male,65.241.14.197
21,Callida,Seakin,cseakink@mail.ru,Female,45.245.34.253
22,Diana,Sword,dswordl@1und1.de,Female,141.73.131.73
23,Shaun,Treacher,streacherm@salon.com,Male,203.140.166.134
24,Ellsworth,Di Pietro,edipietron@tinypic.com,Male,122.24.172.181
25,Steven,Romanet,sromaneto@sciencedaily.com,Male,197.237.153.89
26,Larissa,Choldcroft,lcholdcroftp@webeden.co.uk,Female,188.47.149.129
27,Claudette,McKoy,cmckoyq@amazonaws.com,Genderqueer,56.212.128.144
28,Alfy,Durban,adurbanr@loc.gov,Male,254.246.63.207
29,Aron,Sims,asimss@imageshack.us,Male,109.171.171.249
30,Margareta,Geaves,mgeavest@slideshare.net,Agender,223.108.90.84
31,Sayres,Espie,sespieu@tuttocitta.it,Male,250.60.54.14
32,Alvis,Hamblington,ahamblingtonv@histats.com,Polygender,54.18.131.173
33,North,Bullerwell,nbullerwellw@nydailynews.com,Agender,245.106.70.244
34,Cordi,Von Helmholtz,cvonhelmholtzx@plala.or.jp,Female,139.19.7.175
35,Madella,Soeiro,msoeiroy@walmart.com,Female,29.90.103.108
36,Donovan,Pherps,dpherpsz@illinois.edu,Male,179.234.201.12
37,Hetty,Muris,hmuris10@answers.com,Female,196.1.96.198
38,Gustie,Longmuir,glongmuir11@phpbb.com,Female,135.29.139.109
39,Babb,Dutch,bdutch12@ucla.edu,Female,180.161.147.16
40,Robert,Frain,rfrain13@bing.com,Male,159.155.85.89
41,Cicely,Seers,cseers14@360.cn,Female,44.22.133.237
42,Oliviero,Mazey,omazey15@prlog.org,Male,238.46.31.166
43,Kaela,Simonato,ksimonato16@bravesites.com,Female,214.179.163.136
44,Ashli,Horning,ahorning17@barnesandnoble.com,Female,118.246.62.214
45,Allen,Kennea,akennea18@tumblr.com,Male,27.219.63.173
46,Gerti,Minshall,gminshall19@geocities.com,Female,243.141.48.6
47,Natale,Ollenbuttel,nollenbuttel1a@msu.edu,Male,241.176.112.208
48,Harald,Chestnutt,hchestnutt1b@cisco.com,Male,247.26.169.238
49,Dudley,Burk,dburk1c@xrea.com,Male,102.10.42.253
50,Larine,Genner,lgenner1d@gizmodo.com,Female,130.230.249.244
51,Sheilah,Ridde,sridde1e@opera.com,Female,237.161.230.83
52,Willi,Petrescu,wpetrescu1f@imdb.com,Male,158.30.253.238
53,Tommie,MacGaffey,tmacgaffey1g@narod.ru,Male,28.166.100.42
54,Welch,Hemms,whemms1h@skype.com,Male,88.1.223.245
55,Kimberli,Brunicke,kbrunicke1i@furl.net,Female,82.95.98.6
56,Thorpe,Selbach,tselbach1j@amazon.de,Male,207.114.40.53
57,Cristi,Marchetti,cmarchetti1k@biblegateway.com,Female,145.155.25.28
58,Fidel,Picken,fpicken1l@spiegel.de,Male,37.129.154.37
59,Austin,Gildroy,agildroy1m@time.com,Male,13.143.187.75
60,Raquela,Richfield,rrichfield1n@joomla.org,Female,65.28.244.170
61,Dare,Fearick,dfearick1o@samsung.com,Male,61.32.136.175
62,Pen,Dandie,pdandie1p@unesco.org,Female,3.54.238.17
63,Augustus,Harring,aharring1q@ning.com,Male,191.142.65.190
64,Ronny,Morritt,rmorritt1r@dmoz.org,Male,225.169.60.5
65,Cinda,Vasyunichev,cvasyunichev1s@paginegialle.it,Female,211.242.180.88
66,Nariko,Cordobes,ncordobes1t@yahoo.co.jp,Female,119.56.253.23
67,Libbie,Ewbanck,lewbanck1u@t-online.de,Female,209.199.105.143
68,Talbot,Mutch,tmutch1v@geocities.com,Male,160.34.184.174
69,Brant,Hazelhurst,bhazelhurst1w@sohu.com,Male,100.242.191.125
70,Inglis,Tuer,ituer1x@wsj.com,Male,4.99.133.53
71,Teddy,Bog,tbog1y@gizmodo.com,Female,217.66.211.144
72,Aurelia,Harborow,aharborow1z@homestead.com,Female,220.44.152.180
73,Lamond,Innis,linnis20@sina.com.cn,Male,198.84.178.65
74,Wenona,Yurygyn,wyurygyn21@xinhuanet.com,Female,21.26.51.183
75,Woodrow,Gilhoolie,wgilhoolie22@geocities.com,Male,151.40.166.97
76,Cloe,Paike,cpaike23@4shared.com,Female,229.234.132.77
77,Sargent,Garnsworth,sgarnsworth24@globo.com,Male,190.174.193.27
78,Way,Danielczyk,wdanielczyk25@google.pl,Male,106.155.64.165
79,Michal,Gipp,mgipp26@newyorker.com,Female,82.243.66.249
80,De,Bamling,dbamling27@dropbox.com,Non-binary,182.141.145.82
81,Kirk,Legerton,klegerton28@army.mil,Non-binary,144.211.104.149
82,Catherine,Deehan,cdeehan29@boston.com,Female,94.237.48.65
83,Brady,Gores,bgores2a@sun.com,Male,125.154.5.162
84,Clem,Derbyshire,cderbyshire2b@umich.edu,Male,176.80.14.41
85,Karla,Roizn,kroizn2c@woothemes.com,Female,134.213.232.179
86,Rossy,Adamiak,radamiak2d@wix.com,Male,142.63.137.156
87,Tiff,Dun,tdun2e@seattletimes.com,Female,243.111.158.149
88,Livia,McMorland,lmcmorland2f@hc360.com,Female,157.5.165.75
89,Luce,Emor,lemor2g@elegantthemes.com,Female,209.161.208.242
90,Brantley,Apark,bapark2h@reverbnation.com,Male,118.204.188.120
91,Abbe,Starton,astarton2i@mozilla.com,Male,78.50.29.215
92,Mersey,Winters,mwinters2j@bigcartel.com,Female,218.162.236.38
93,Emmett,Burke,eburke2k@ibm.com,Male,152.226.102.128
94,Lazare,Lufkin,llufkin2l@umich.edu,Male,77.48.214.58
95,Nye,Bidewell,nbidewell2m@nhs.uk,Male,198.235.177.223
96,Bearnard,Prophet,bprophet2n@symantec.com,Male,220.107.9.100
97,Jakie,Ilyenko,jilyenko2o@boston.com,Male,0.226.1.43
98,Ferne,Eicheler,feicheler2p@e-recht24.de,Female,80.6.195.159
99,Collin,Zotto,czotto2q@purevolume.com,Male,34.43.67.231
100,Darnell,Vaughn,dvaughn2r@typepad.com,Male,21.159.124.108
101,Wilhelm,McClean,wmcclean2s@artisteer.com,Male,156.103.33.64
102,Leandra,Dowtry,ldowtry2t@spotify.com,Female,234.38.255.38
103,Amble,Rousby,arousby2u@barnesandnoble.com,Male,40.183.197.250
104,Cristy,Stinchcombe,cstinchcombe2v@dyndns.org,Female,31.166.143.32
105,Kanya,Pizzie,kpizzie2w@usatoday.com,Female,16.59.225.24
106,Pierson,Hargrave,phargrave2x@mtv.com,Male,156.13.174.168
107,Leisha,Thurlbeck,lthurlbeck2y@ftc.gov,Female,182.120.112.115
108,Eve,McClintock,emcclintock2z@diigo.com,Female,124.229.76.194
109,Wye,Frary,wfrary30@biglobe.ne.jp,Male,112.20.145.225
110,Temp,Crossby,tcrossby31@purevolume.com,Male,141.99.63.3
111,Lyndel,Cattlow,lcattlow32@liveinternet.ru,Female,176.186.238.232
112,Rudiger,Munnery,rmunnery33@surveymonkey.com,Male,21.161.87.123
113,Sherwynd,Albutt,salbutt34@cpanel.net,Male,39.33.81.15
114,Sal,Dabourne,sdabourne35@google.ca,Female,171.112.41.158
115,Karlyn,Allone,kallone36@wunderground.com,Polygender,238.161.39.78
116,Shayna,Warmington,swarmington37@typepad.com,Female,181.102.124.60
117,Uri,Wooffitt,uwooffitt38@free.fr,Male,48.9.139.204
118,Yves,O'Carroll,yocarroll39@artisteer.com,Male,36.49.203.91
119,Shae,Yelland,syelland3a@technorati.com,Female,185.50.99.90
120,Timothee,Fingleton,tfingleton3b@ed.gov,Male,34.1.52.241
121,Harry,Riglar,hriglar3c@is.gd,Male,252.149.133.142
122,Lexi,Goadby,lgoadby3d@patch.com,Female,232.89.13.84
123,Daveta,Cosins,dcosins3e@chronoengine.com,Female,240.131.221.161
124,Lacy,Fessler,lfessler3f@webeden.co.uk,Female,253.86.116.0
125,Analise,Madgwich,amadgwich3g@state.tx.us,Female,235.15.220.211
126,Cristie,Lackham,clackham3h@opensource.org,Non-binary,18.143.65.83
127,Brynna,Spadoni,bspadoni3i@sciencedirect.com,Female,74.223.113.190
128,Rodolphe,Devin,rdevin3j@ted.com,Male,222.45.133.110
129,Noelle,Lewton,nlewton3k@qq.com,Female,111.41.252.243
130,Julietta,Mackison,jmackison3l@163.com,Female,123.13.95.106
131,Bailey,Bohlens,bbohlens3m@furl.net,Male,240.110.157.72
132,Colby,Atyea,catyea3n@pinterest.com,Male,16.66.102.122
133,Peggi,Sentance,psentance3o@plala.or.jp,Female,85.222.94.65
134,Alfred,Caskie,acaskie3p@so-net.ne.jp,Male,48.36.141.146
135,Anneliese,Massen,amassen3q@nifty.com,Genderfluid,79.101.231.36
136,Aldon,McCosh,amccosh3r@trellian.com,Male,121.110.208.105
137,Denna,Leechman,dleechman3s@sogou.com,Female,133.32.236.169
138,Sharron,Liversage,sliversage3t@unicef.org,Female,164.157.233.157
139,Jan,Geer,jgeer3u@netvibes.com,Male,85.13.96.66
140,Kellby,Ferrai,kferrai3v@miitbeian.gov.cn,Male,91.148.56.237
141,Steve,Lenaghen,slenaghen3w@studiopress.com,Male,82.30.232.185
142,Haydon,Screeton,hscreeton3x@ow.ly,Genderfluid,163.46.224.174
143,Lay,Margetson,lmargetson3y@mapy.cz,Male,204.193.94.126
144,Randal,Faircloth,rfaircloth3z@deviantart.com,Male,18.69.110.189
145,Dolorita,Marre,dmarre40@va.gov,Female,206.95.231.245
146,Giraldo,Gunderson,ggunderson41@paypal.com,Male,25.151.138.216
147,Worth,Abbet,wabbet42@csmonitor.com,Male,100.24.103.179
148,Sasha,Exon,sexon43@phpbb.com,Female,51.241.66.121
149,Cristian,McNea,cmcnea44@si.edu,Male,114.170.240.40
150,Innis,Bastian,ibastian45@blog.com,Male,123.37.79.14
151,Robbie,Ioannidis,rioannidis46@is.gd,Male,167.66.31.6
152,Inez,Dufoure,idufoure47@tmall.com,Female,189.139.27.67
153,Diena,Braddock,dbraddock48@blogspot.com,Female,150.52.134.143
154,Fay,Glamart,fglamart49@bandcamp.com,Female,189.178.246.184
155,Gunner,Biagioni,gbiagioni4a@addtoany.com,Male,95.175.133.125
156,Molli,Fyfe,mfyfe4b@earthlink.net,Female,150.227.31.76
157,Dallon,Wimlett,dwimlett4c@phpbb.com,Male,47.206.153.42
158,Rebeka,Le Pruvost,rlepruvost4d@feedburner.com,Female,101.25.204.251
159,Larry,Steinham,lsteinham4e@dyndns.org,Male,95.201.253.249
160,Gav,Killingback,gkillingback4f@phoca.cz,Male,100.240.137.156
161,Titos,Nevin,tnevin4g@go.com,Male,16.43.249.255
162,Jamal,Blazevic,jblazevic4h@diigo.com,Male,92.173.62.35
163,Joell,Monkman,jmonkman4i@bravesites.com,Female,98.102.52.114
164,Lock,Derill,lderill4j@cornell.edu,Male,21.207.101.171
165,Ely,Gehring,egehring4k@wordpress.com,Male,150.160.214.236
166,Karole,Benstead,kbenstead4l@nyu.edu,Female,248.3.26.58
167,Aylmer,Dacke,adacke4m@virginia.edu,Agender,111.106.192.214
168,Thom,Shipley,tshipley4n@cafepress.com,Genderqueer,214.21.103.224
169,Flossy,Giffon,fgiffon4o@abc.net.au,Female,71.148.11.193
170,Dael,Lanigan,dlanigan4p@adobe.com,Female,239.62.236.209
171,Jonas,Conring,jconring4q@fastcompany.com,Male,220.133.11.189
172,Cecile,Sonley,csonley4r@berkeley.edu,Female,127.250.168.112
173,Gale,Jozwiak,gjozwiak4s@paginegialle.it,Female,57.189.246.55
174,Polly,Jenyns,pjenyns4t@yandex.ru,Female,34.65.29.92
175,Mattias,Jarret,mjarret4u@usnews.com,Male,183.129.81.33
176,Nataline,Gruszecki,ngruszecki4v@ycombinator.com,Female,186.84.61.144
177,Nonnah,Gordon,ngordon4w@geocities.com,Female,230.75.146.173
178,Donetta,Gebb,dgebb4x@cocolog-nifty.com,Female,45.242.241.136
179,Mitchael,Curee,mcuree4y@free.fr,Male,93.249.210.204
180,Lyman,Early,learly4z@vistaprint.com,Male,154.124.12.8
181,Husein,Mogridge,hmogridge50@yelp.com,Male,118.250.226.145
182,Malva,Napton,mnapton51@51.la,Female,9.38.237.106
183,Hanna,Vicker,hvicker52@goodreads.com,Female,234.135.115.234
184,Van,Jewson,vjewson53@foxnews.com,Male,249.209.183.42
185,Paolo,Fentem,pfentem54@sourceforge.net,Male,148.133.236.109
186,Ryan,Gouly,rgouly55@miibeian.gov.cn,Male,139.176.202.41
187,Jeralee,Chamley,jchamley56@va.gov,Female,197.58.219.97
188,Afton,Mulles,amulles57@51.la,Female,40.3.1.236
189,Corena,Truluck,ctruluck58@mashable.com,Female,180.1.119.239
190,Madelaine,Simmonite,msimmonite59@mit.edu,Female,191.107.188.147
191,Mil,Simoni,msimoni5a@seesaa.net,Female,179.223.165.12
192,Korney,Cloughton,kcloughton5b@redcross.org,Female,59.153.119.238
193,Myrta,Curteis,mcurteis5c@businessinsider.com,Female,57.175.141.142
194,Madelaine,Everil,meveril5d@wordpress.org,Female,47.209.111.86
195,Abigail,Deering,adeering5e@amazon.com,Female,142.140.54.149
196,Elfrieda,Salman,esalman5f@patch.com,Female,109.46.101.174
197,Tyne,Wiltshier,twiltshier5g@paypal.com,Female,140.23.249.156
198,Cy,Dries,cdries5h@soundcloud.com,Male,25.1.249.82
199,Somerset,Zanetti,szanetti5i@t-online.de,Male,43.189.219.19
200,Lovell,Jost,ljost5j@desdev.cn,Male,196.22.131.236
201,Jilleen,Sapseed,jsapseed5k@illinois.edu,Female,72.118.143.196
202,Amerigo,Sorro,asorro5l@alibaba.com,Male,29.75.101.215
203,Marin,Kolin,mkolin5m@omniture.com,Female,29.118.249.182
204,Samuele,Luxon,sluxon5n@imageshack.us,Male,120.176.103.79
205,Marinna,Tattershall,mtattershall5o@amazon.com,Female,60.7.223.123
206,Bernelle,Galilee,bgalilee5p@utexas.edu,Female,32.5.99.228
207,Ahmed,Killeley,akilleley5q@gnu.org,Male,206.48.84.111
208,Reynard,Jencken,rjencken5r@indiatimes.com,Non-binary,71.217.100.52
209,Ertha,Dudenie,edudenie5s@pen.io,Female,242.101.75.138
210,Filbert,Lambdon,flambdon5t@google.de,Male,189.175.117.107
211,Calv,Cutler,ccutler5u@pbs.org,Male,212.168.101.150
212,Davis,Lannin,dlannin5v@mail.ru,Male,144.218.174.69
213,Olivier,Lermit,olermit5w@reverbnation.com,Male,202.64.82.251
214,Sollie,Rummin,srummin5x@economist.com,Male,238.220.41.121
215,Oswell,Bampforth,obampforth5y@aboutads.info,Male,102.106.200.233
216,Bing,Cansdill,bcansdill5z@cdc.gov,Male,60.142.2.88
217,Tomas,Duckinfield,tduckinfield60@dmoz.org,Male,82.19.180.143
218,Mignon,Norley,mnorley61@blog.com,Female,218.251.187.47
219,Danni,Tomasian,dtomasian62@infoseek.co.jp,Female,11.61.204.159
220,Lethia,Seago,lseago63@sourceforge.net,Female,192.136.20.227
221,Marrilee,Ondrasek,mondrasek64@goodreads.com,Female,204.156.153.126
222,Cully,Headrick,cheadrick65@xing.com,Male,61.104.107.89
223,Cozmo,Parmeter,cparmeter66@ifeng.com,Male,82.226.189.176
224,Vonnie,Canty,vcanty67@woothemes.com,Polygender,171.121.217.7
225,Heath,Kinane,hkinane68@digg.com,Female,157.254.22.125
226,Berne,Cruce,bcruce69@ucsd.edu,Male,121.36.36.255
227,Justina,Durno,jdurno6a@telegraph.co.uk,Female,204.51.59.21
228,Eachelle,Stango,estango6b@rakuten.co.jp,Female,190.122.56.25
229,James,Whiten,jwhiten6c@cocolog-nifty.com,Male,111.106.220.76
230,Lucille,Trawin,ltrawin6d@home.pl,Female,37.24.121.145
231,Leona,Aleixo,laleixo6e@amazon.com,Female,206.41.114.37
232,Vivi,Plumer,vplumer6f@adobe.com,Female,128.236.15.247
233,Maggie,Spriggen,mspriggen6g@tinypic.com,Female,110.207.80.89
234,Cassy,Rigg,crigg6h@tamu.edu,Female,133.154.19.168
235,Rana,Scarratt,rscarratt6i@independent.co.uk,Female,52.24.126.134
236,Avrit,Garred,agarred6j@arizona.edu,Female,21.91.255.117
237,Gardener,Caplin,gcaplin6k@shop-pro.jp,Male,142.145.178.199
238,Milty,Meece,mmeece6l@webmd.com,Male,85.24.6.38
239,Yankee,Tockell,ytockell6m@phoca.cz,Male,63.23.253.58
240,Heddi,Sneezem,hsneezem6n@shareasale.com,Female,50.200.15.243
241,Maia,Gravett,mgravett6o@gnu.org,Female,29.118.123.120
242,Gabbey,Jurek,gjurek6p@bbb.org,Female,88.167.146.146
243,Abramo,Ewbanke,aewbanke6q@msu.edu,Male,248.226.18.222
244,Ambrosius,Poulsom,apoulsom6r@china.com.cn,Male,98.181.191.73
245,Bret,Mayze,bmayze6s@goo.gl,Male,9.100.20.251
246,Evelyn,Smogur,esmogur6t@i2i.jp,Male,138.67.205.238
247,Dawna,Champniss,dchampniss6u@house.gov,Female,234.139.45.25
248,Kerr,Sleight,ksleight6v@bluehost.com,Male,79.162.18.145
249,Bamby,McNaught,bmcnaught6w@state.gov,Female,204.200.102.204
250,Daloris,Thwaite,dthwaite6x@tripod.com,Female,243.232.180.98
251,Sissie,Motte,smotte6y@delicious.com,Female,145.115.155.103
252,Lyssa,Huccaby,lhuccaby6z@vistaprint.com,Female,81.54.65.169
253,Silas,Byrkmyr,sbyrkmyr70@spiegel.de,Male,242.37.100.119
254,Adair,Losano,alosano71@vk.com,Male,186.70.112.152
255,Ivan,Cubbini,icubbini72@mac.com,Male,6.128.59.131
256,Idette,Seaward,iseaward73@vkontakte.ru,Female,254.90.30.218
257,Mia,Jann,mjann74@go.com,Female,179.226.36.235
258,Latashia,Hymas,lhymas75@skype.com,Female,169.1.245.27
259,Belvia,Regglar,bregglar76@slate.com,Female,36.121.92.43
260,Darnell,Dixsee,ddixsee77@wordpress.org,Male,146.71.224.65
261,Glenn,Shackel,gshackel78@google.com.hk,Male,155.6.163.208
262,Otes,Bartaloni,obartaloni79@meetup.com,Male,193.218.136.13
263,Allianora,Mengue,amengue7a@mozilla.com,Female,10.203.116.156
264,Francis,Khilkov,fkhilkov7b@rambler.ru,Male,227.69.244.227
265,Kathy,Moraleda,kmoraleda7c@nationalgeographic.com,Agender,48.203.2.177
266,Lenee,Daulby,ldaulby7d@rediff.com,Female,0.53.182.223
267,Gretna,Mosdall,gmosdall7e@prweb.com,Female,7.233.0.234
268,Joceline,Ilewicz,jilewicz7f@google.nl,Female,215.0.222.206
269,Kitti,Kelbie,kkelbie7g@goo.ne.jp,Female,58.60.159.31
270,Dayle,Paterson,dpaterson7h@cmu.edu,Female,10.30.124.113
271,Earlie,Housegoe,ehousegoe7i@hubpages.com,Genderfluid,244.84.140.55
272,Harlin,Gabala,hgabala7j@bbc.co.uk,Genderfluid,174.13.105.42
273,Benoit,Feeley,bfeeley7k@tumblr.com,Male,247.43.100.210
274,Mady,Boulsher,mboulsher7l@sourceforge.net,Female,143.109.205.6
275,Ibrahim,Gilhouley,igilhouley7m@51.la,Male,5.73.149.102
276,Wren,Farr,wfarr7n@cisco.com,Female,114.161.41.78
277,Dusty,Van der Kruijs,dvanderkruijs7o@google.co.jp,Female,209.48.26.227
278,Burch,Whether,bwhether7p@vimeo.com,Male,37.35.106.6
279,Kimberlyn,Burrow,kburrow7q@altervista.org,Agender,5.168.74.21
280,Sandi,Itzkowicz,sitzkowicz7r@geocities.com,Female,83.43.187.207
281,Thaddus,Bakey,tbakey7s@cbslocal.com,Male,118.195.216.64
282,West,Grellier,wgrellier7t@usnews.com,Male,221.187.69.158
283,Filmer,Ennion,fennion7u@dion.ne.jp,Male,213.68.171.212
284,Sayre,Yedy,syedy7v@reddit.com,Male,174.235.79.93
285,Myron,Beniesh,mbeniesh7w@tmall.com,Male,20.33.52.243
286,Katerina,Letterese,kletterese7x@noaa.gov,Female,90.214.51.124
287,Dav,Jolliff,djolliff7y@hubpages.com,Male,247.49.194.127
288,Sutton,Wash,swash7z@123-reg.co.uk,Male,227.5.175.104
289,Hi,Colam,hcolam80@twitpic.com,Male,41.196.137.136
290,Ruprecht,Hooks,rhooks81@pbs.org,Male,144.10.188.49
291,Hubie,Wakes,hwakes82@fc2.com,Male,202.167.198.76
292,Selma,Orknay,sorknay83@google.co.uk,Female,57.252.83.108
293,Ellen,Ponde,eponde84@dell.com,Female,127.22.89.150
294,Farlee,Blacket,fblacket85@slideshare.net,Male,91.107.210.97
295,Francesca,Stampfer,fstampfer86@irs.gov,Female,138.74.234.48
296,Trevor,Bertelmot,tbertelmot87@booking.com,Male,207.33.118.42
297,Evvie,Rosi,erosi88@nsw.gov.au,Female,248.131.36.120
298,Antonie,Boules,aboules89@pbs.org,Female,12.112.36.159
299,Lazaro,Marusyak,lmarusyak8a@unblog.fr,Male,2.85.1.250
300,Caryl,Frisdick,cfrisdick8b@berkeley.edu,Male,148.248.13.168
301,Brandice,Gleed,bgleed8c@instagram.com,Bigender,199.138.18.112
302,Natasha,Rigmond,nrigmond8d@cbc.ca,Female,171.209.164.233
303,Fonzie,Dunlea,fdunlea8e@economist.com,Genderqueer,51.13.39.174
304,Shaun,Keneford,skeneford8f@businesswire.com,Male,76.37.171.89
305,Ellery,Dawton,edawton8g@nifty.com,Male,221.53.127.254
306,Waverley,Bourgaize,wbourgaize8h@jigsy.com,Male,187.189.69.198
307,Keslie,Bewicke,kbewicke8i@mail.ru,Female,38.207.137.200
308,Germayne,Capun,gcapun8j@auda.org.au,Male,174.228.168.39
309,Talbert,Stammer,tstammer8k@bloglovin.com,Male,0.78.68.165
310,Cody,Dyzart,cdyzart8l@symantec.com,Female,93.78.68.228
311,Abigael,Francombe,afrancombe8m@g.co,Female,7.234.121.225
312,Dylan,Quelch,dquelch8n@artisteer.com,Genderqueer,0.224.66.201
313,Ring,Castane,rcastane8o@wikimedia.org,Male,36.73.164.12
314,Dwain,Barff,dbarff8p@typepad.com,Male,187.162.216.252
315,Ardene,Zamora,azamora8q@bluehost.com,Female,137.14.45.27
316,Gothart,Rickaert,grickaert8r@prweb.com,Male,73.247.24.176
317,Rickie,Abramow,rabramow8s@livejournal.com,Female,1.132.248.137
318,Torrie,Ryder,tryder8t@gnu.org,Female,145.226.248.149
319,Robinia,Beaten,rbeaten8u@cocolog-nifty.com,Female,232.160.198.28
320,Rowan,Silverthorn,rsilverthorn8v@tamu.edu,Male,123.146.77.243
321,Bea,Learoyde,blearoyde8w@yelp.com,Non-binary,180.57.159.224
322,Paulette,Vickors,pvickors8x@skype.com,Female,233.52.74.54
323,Eldin,Siegertsz,esiegertsz8y@hud.gov,Male,167.151.234.118
324,Joelie,Stenner,jstenner8z@hp.com,Bigender,140.243.130.1
325,Leonidas,Anyene,lanyene90@devhub.com,Male,140.61.88.21
326,Alard,Snazel,asnazel91@ehow.com,Male,131.128.41.242
327,Kirby,Barnish,kbarnish92@cpanel.net,Male,23.13.182.159
328,Loralyn,Ketch,lketch93@aboutads.info,Female,37.145.109.152
329,Maxy,Skurm,mskurm94@latimes.com,Male,56.62.50.3
330,Blanche,Osbourne,bosbourne95@macromedia.com,Female,18.63.119.157
331,Candida,Tellenbrok,ctellenbrok96@ed.gov,Female,152.177.127.100
332,Glendon,Erwin,gerwin97@jiathis.com,Male,83.32.149.123
333,Bobbye,Evenden,bevenden98@weather.com,Female,10.244.108.230
334,Lily,Jakubowsky,ljakubowsky99@bizjournals.com,Female,127.175.179.215
335,Alric,Copin,acopin9a@google.pl,Male,48.3.252.187
336,Tallulah,Rozet,trozet9b@dot.gov,Female,219.89.47.85
337,Dianna,Bringloe,dbringloe9c@godaddy.com,Genderqueer,118.246.211.168
338,Blane,Bracken,bbracken9d@aol.com,Male,98.249.221.172
339,Pandora,Busst,pbusst9e@geocities.com,Female,197.118.223.32
340,Abie,Molineux,amolineux9f@ovh.net,Male,40.29.40.177
341,Timoteo,Tulloch,ttulloch9g@nydailynews.com,Male,167.194.182.43
342,Louise,Murty,lmurty9h@list-manage.com,Female,164.224.89.154
343,Chris,Canero,ccanero9i@usatoday.com,Male,79.119.90.167
344,Adolphe,Grutchfield,agrutchfield9j@census.gov,Male,240.194.166.2
345,Ailene,Lenton,alenton9k@illinois.edu,Female,189.240.67.158
346,Chaddy,Kleyn,ckleyn9l@ycombinator.com,Male,111.23.56.246
347,Amye,Tutt,atutt9m@yellowpages.com,Female,120.138.59.110
348,Clarissa,Bage,cbage9n@indiegogo.com,Female,118.68.249.201
349,Pierette,Kopfer,pkopfer9o@netlog.com,Female,65.250.103.231
350,Josepha,Tillerton,jtillerton9p@vkontakte.ru,Female,42.169.18.68
351,Bev,Petrolli,bpetrolli9q@bigcartel.com,Agender,242.247.0.129
352,Verna,Twaite,vtwaite9r@yale.edu,Female,90.224.79.249
353,Robert,Seeds,rseeds9s@shinystat.com,Male,179.41.246.70
354,Bronny,MacGregor,bmacgregor9t@reuters.com,Non-binary,58.126.129.187
355,Gwenni,Philcox,gphilcox9u@creativecommons.org,Female,120.29.211.7
356,Fiorenze,Chinnick,fchinnick9v@yahoo.com,Female,79.228.125.55
357,Lishe,Paddle,lpaddle9w@techcrunch.com,Female,165.223.247.237
358,Alberto,Aulds,aaulds9x@instagram.com,Male,131.142.237.135
359,Rose,Borkin,rborkin9y@goodreads.com,Female,30.255.87.118
360,Ephrayim,Schaffel,eschaffel9z@europa.eu,Male,244.126.212.2
361,Christoforo,Derry,cderrya0@google.ca,Male,66.131.226.186
362,Stephanus,Readman,sreadmana1@vkontakte.ru,Male,194.92.51.172
363,Vivyan,Halhead,vhalheada2@lycos.com,Female,46.207.119.252
364,Haroun,Cleft,hclefta3@bing.com,Genderfluid,98.210.207.133
365,Marjory,Skullet,mskulleta4@tinyurl.com,Non-binary,228.249.109.50
366,Rayner,Binnion,rbinniona5@rediff.com,Male,249.71.67.208
367,Tiphany,McVey,tmcveya6@statcounter.com,Female,100.229.185.179
368,Rogers,Loftie,rloftiea7@bravesites.com,Male,243.248.107.127
369,Rudolfo,Quaife,rquaifea8@cargocollective.com,Male,17.194.20.43
370,Kevyn,Bazley,kbazleya9@loc.gov,Female,205.223.139.88
371,Camellia,Knaggs,cknaggsaa@aboutads.info,Female,199.127.41.91
372,Rinaldo,Graffham,rgraffhamab@theguardian.com,Male,142.126.50.231
373,Mendel,Hamer,mhamerac@joomla.org,Male,166.72.53.221
374,Nanice,MacCambridge,nmaccambridgead@shutterfly.com,Female,86.239.32.74
375,Patsy,Pretsell,ppretsellae@meetup.com,Female,194.132.25.2
376,Othilie,Padmore,opadmoreaf@wikimedia.org,Female,142.11.25.121
377,Kelsey,Mindenhall,kmindenhallag@tinyurl.com,Male,152.167.2.54
378,Milli,Polye,mpolyeah@rakuten.co.jp,Female,188.44.247.79
379,Alphard,Fry,afryai@fda.gov,Male,245.195.170.199
380,Ashely,Fleote,afleoteaj@myspace.com,Female,76.236.178.244
381,Lusa,Nodes,lnodesak@vistaprint.com,Female,127.73.241.46
382,Brennen,Soule,bsouleal@imdb.com,Male,70.0.7.70
383,Burch,De Anesy,bdeanesyam@irs.gov,Male,35.120.138.248
384,Morley,Rosenboim,mrosenboiman@fotki.com,Male,247.64.147.129
385,Stearne,Cromblehome,scromblehomeao@sogou.com,Male,99.95.126.99
386,Rivkah,Durman,rdurmanap@mail.ru,Female,177.154.15.240
387,Vernon,Gilchrist,vgilchristaq@bbc.co.uk,Male,62.193.199.225
388,Hoebart,Dufaur,hdufaurar@state.tx.us,Male,104.158.174.14
389,Alysa,Ferry,aferryas@altervista.org,Female,159.31.72.125
390,Malena,Feckey,mfeckeyat@businesswire.com,Female,218.96.222.198
391,Brenden,Beckenham,bbeckenhamau@php.net,Male,168.204.216.146
392,Mala,Obern,mobernav@g.co,Female,2.213.213.238
393,Rahal,O'Cuddie,rocuddieaw@yale.edu,Female,225.220.106.65
394,Sapphire,Langhorn,slanghornax@walmart.com,Female,101.246.220.136
395,Linn,McConnachie,lmcconnachieay@about.com,Female,104.51.172.184
396,Penelope,Lindenbaum,plindenbaumaz@google.nl,Female,77.12.252.122
397,Mellisa,Leggatt,mleggattb0@sfgate.com,Female,187.126.59.194
398,Far,Bugs,fbugsb1@amazonaws.com,Male,102.101.202.122
399,Kattie,Asmus,kasmusb2@51.la,Female,192.185.239.70
400,Carmelina,Drake,cdrakeb3@cloudflare.com,Female,182.42.16.47
401,Auria,Dufaur,adufaurb4@yellowpages.com,Polygender,128.173.254.67
402,Ariel,Spinas,aspinasb5@woothemes.com,Male,56.171.112.22
403,Melony,Idenden,midendenb6@dmoz.org,Bigender,150.21.173.121
404,Ward,Rossbrooke,wrossbrookeb7@narod.ru,Male,226.109.245.70
405,Samuele,Bubeer,sbubeerb8@newyorker.com,Male,121.166.52.83
406,Hakeem,Trent,htrentb9@blogger.com,Male,86.59.253.253
407,Amabel,Fairbourn,afairbournba@latimes.com,Female,249.204.213.169
408,Peggy,Nobes,pnobesbb@ifeng.com,Female,186.2.62.97
409,Jenica,Leith-Harvey,jleithharveybc@uiuc.edu,Female,189.21.252.7
410,Ruggiero,Brager,rbragerbd@infoseek.co.jp,Male,251.40.124.128
411,Holmes,Payton,hpaytonbe@is.gd,Male,76.126.123.158
412,Gladys,Akast,gakastbf@cargocollective.com,Female,142.1.133.126
413,Nehemiah,Brou,nbroubg@squarespace.com,Male,76.104.236.34
414,Catriona,Cock,ccockbh@sina.com.cn,Agender,137.185.48.138
415,Leda,Ferrieres,lferrieresbi@1und1.de,Female,239.84.92.196
416,Glen,Lawie,glawiebj@businessweek.com,Female,86.85.84.246
417,Cindie,Brecon,cbreconbk@wiley.com,Female,101.15.202.157
418,Gallard,Pearsey,gpearseybl@desdev.cn,Polygender,89.123.238.106
419,Alec,Hodcroft,ahodcroftbm@sbwire.com,Male,161.116.37.232
420,Evvy,Housby,ehousbybn@sciencedaily.com,Female,61.243.124.174
421,Rufus,Souley,rsouleybo@eepurl.com,Polygender,62.193.33.30
422,Corny,Klainman,cklainmanbp@a8.net,Male,43.250.7.59
423,Gustave,Somerlie,gsomerliebq@geocities.jp,Male,140.222.45.155
424,Miran,Lamming,mlammingbr@cnet.com,Non-binary,85.92.10.94
425,Drucill,Ciccottio,dciccottiobs@sakura.ne.jp,Female,78.93.165.207
426,Timmi,Minshull,tminshullbt@instagram.com,Female,59.253.239.209
427,Sydel,Pill,spillbu@mtv.com,Female,207.103.57.162
428,Conni,Ellerton,cellertonbv@time.com,Female,4.137.211.55
429,Nola,Kirsche,nkirschebw@loc.gov,Female,37.92.168.192
430,Wain,Worg,wworgbx@nsw.gov.au,Male,106.49.145.25
431,Anna-diane,Harnor,aharnorby@squidoo.com,Female,240.156.79.234
432,Davon,Mattiacci,dmattiaccibz@mail.ru,Male,54.58.51.6
433,Georgina,Surphliss,gsurphlissc0@diigo.com,Female,167.103.20.67
434,Marja,Haith,mhaithc1@youku.com,Female,228.186.58.139
435,Karry,Pibsworth,kpibsworthc2@goo.gl,Female,30.3.152.79
436,Gerhardt,Stopher,gstopherc3@desdev.cn,Male,17.14.95.4
437,Robby,Nestle,rnestlec4@bing.com,Female,33.143.123.230
438,Dana,Morrell,dmorrellc5@unblog.fr,Female,172.241.206.233
439,Bobby,Likly,bliklyc6@go.com,Male,105.216.16.215
440,Onfroi,Murby,omurbyc7@wikimedia.org,Male,44.12.169.103
441,Wayland,Joint,wjointc8@1und1.de,Male,55.65.51.234
442,Thalia,Stutter,tstutterc9@woothemes.com,Female,182.131.66.77
443,Pauli,Varey,pvareyca@cpanel.net,Female,211.55.74.40
444,Meaghan,Gunner,mgunnercb@drupal.org,Female,101.16.189.241
445,Layney,Orrill,lorrillcc@google.fr,Female,149.88.169.122
446,Mayor,Swyer-Sexey,mswyersexeycd@cnn.com,Male,215.235.161.61
447,Clarita,Frusher,cfrusherce@skyrock.com,Female,36.89.231.226
448,Wilek,Hasard,whasardcf@shutterfly.com,Male,197.69.51.6
449,Kathi,Craise,kcraisecg@google.es,Female,76.161.201.254
450,Nickolas,Fierman,nfiermanch@ft.com,Male,245.74.59.128
451,Adelbert,McGourty,amcgourtyci@nba.com,Male,157.77.168.23
452,Emmalee,Barff,ebarffcj@europa.eu,Female,88.185.200.21
453,Dinnie,Ribou,dribouck@blogspot.com,Female,95.35.102.81
454,Vincenty,Fouch,vfouchcl@state.tx.us,Male,63.252.82.136
455,Moore,Hallowes,mhallowescm@mozilla.org,Male,27.183.11.220
456,Alister,Dougal,adougalcn@hubpages.com,Male,59.121.164.160
457,Ashton,Rampling,aramplingco@smh.com.au,Polygender,83.179.219.154
458,Lacey,Quilliam,lquilliamcp@wsj.com,Female,254.9.44.182
459,Johnnie,Kensley,jkensleycq@indiegogo.com,Male,131.63.122.182
460,Gusty,Murkin,gmurkincr@dedecms.com,Female,248.66.242.172
461,Sharona,Redsall,sredsallcs@guardian.co.uk,Female,213.139.180.89
462,Samantha,Frensche,sfrenschect@addtoany.com,Female,74.112.93.106
463,Valle,Mawtus,vmawtuscu@github.io,Male,140.7.150.72
464,Tandie,Chicken,tchickencv@sciencedaily.com,Female,240.162.221.56
465,Cristobal,Chessor,cchessorcw@miibeian.gov.cn,Male,28.184.151.238
466,Alie,Spreag,aspreagcx@nbcnews.com,Female,117.119.231.230
467,Emory,McKune,emckunecy@linkedin.com,Male,213.163.201.73
468,Tiphani,Iacovozzo,tiacovozzocz@dagondesign.com,Female,56.236.140.38
469,Ahmad,Hews,ahewsd0@china.com.cn,Non-binary,218.109.150.206
470,Tris,Fontel,tfonteld1@netlog.com,Agender,132.178.58.175
471,Padraig,Grasha,pgrashad2@apache.org,Non-binary,209.140.133.209
472,Bruce,Huyghe,bhuyghed3@g.co,Male,27.96.230.169
473,Xenia,Rochester,xrochesterd4@ebay.co.uk,Female,45.151.151.42
474,Guntar,Cheeke,gcheeked5@addthis.com,Male,74.70.158.143
475,Matty,Freund,mfreundd6@squarespace.com,Male,82.196.33.74
476,Henry,Frank,hfrankd7@cdc.gov,Male,108.3.39.38
477,Alyosha,Celier,acelierd8@amazon.co.jp,Male,178.242.157.175
478,Morganne,Kausche,mkausched9@nasa.gov,Female,67.7.32.26
479,Shaun,Risebrow,srisebrowda@1und1.de,Bigender,37.2.218.135
480,Wittie,Mallia,wmalliadb@360.cn,Male,81.190.182.25
481,Fina,McCray,fmccraydc@rambler.ru,Female,23.103.16.201
482,Nicoline,Ingerman,ningermandd@usda.gov,Female,10.98.61.1
483,Liva,Buffin,lbuffinde@china.com.cn,Female,56.10.70.211
484,Andonis,Enoksson,aenokssondf@alexa.com,Male,99.58.41.231
485,Archy,Keese,akeesedg@surveymonkey.com,Male,223.65.122.215
486,Findley,Heinig,fheinigdh@freewebs.com,Male,94.62.182.34
487,Levey,Sunter,lsunterdi@mashable.com,Bigender,31.239.234.247
488,Merle,Vesty,mvestydj@imgur.com,Female,169.145.99.111
489,Mark,Chipp,mchippdk@uol.com.br,Male,152.189.246.11
490,Esme,Teggin,eteggindl@elegantthemes.com,Female,184.223.251.7
491,Nathalia,Rowet,nrowetdm@merriam-webster.com,Non-binary,145.238.11.90
492,Rolland,Holdron,rholdrondn@google.ca,Male,41.83.148.131
493,Dixie,Dallon,ddallondo@about.me,Female,142.125.63.103
494,Garrik,Haimes,ghaimesdp@diigo.com,Male,173.246.57.48
495,Alanna,Bramford,abramforddq@upenn.edu,Agender,67.72.130.53
496,Abby,Heigold,aheigolddr@cisco.com,Male,144.200.157.78
497,Dionisio,Hafner,dhafnerds@typepad.com,Genderqueer,192.7.109.69
498,Weidar,Tartt,wtarttdt@photobucket.com,Male,21.153.117.26
499,Gherardo,Como,gcomodu@foxnews.com,Male,222.172.192.138
500,Nelli,Stanistrete,nstanistretedv@businessinsider.com,Female,15.100.141.41
501,Dacia,Sanpher,dsanpherdw@techcrunch.com,Female,196.17.29.75
502,Waylan,Jackling,wjacklingdx@biblegateway.com,Male,84.58.107.171
503,Roldan,Dachs,rdachsdy@163.com,Male,53.113.86.173
504,Briant,Walters,bwaltersdz@istockphoto.com,Male,138.196.62.180
505,Roanna,Spavon,rspavone0@jigsy.com,Female,47.153.61.153
506,Jody,Sweetsur,jsweetsure1@acquirethisname.com,Female,67.3.224.153
507,Bibby,Reavell,breavelle2@bbb.org,Female,82.211.110.86
508,Darsie,Jedrasik,djedrasike3@opera.com,Female,12.209.157.128
509,Fernande,Bourdice,fbourdicee4@weebly.com,Female,147.248.43.80
510,Caria,Cabel,ccabele5@economist.com,Female,214.117.221.31
511,Rosemonde,Pozzi,rpozzie6@geocities.jp,Female,213.1.118.125
512,Sharon,Pieter,spietere7@blinklist.com,Female,125.49.76.179
513,Norma,Chadwell,nchadwelle8@aboutads.info,Genderfluid,235.244.198.106
514,Ralf,Willcox,rwillcoxe9@hexun.com,Male,136.98.33.1
515,Gerald,Maas,gmaasea@unicef.org,Male,152.157.247.219
516,Sabra,Delahunty,sdelahuntyeb@cbc.ca,Female,177.78.249.160
517,Kristofer,Izen,kizenec@so-net.ne.jp,Male,76.246.217.113
518,Florry,Marzelo,fmarzeloed@hugedomains.com,Female,210.147.203.224
519,Harcourt,Eakin,heakinee@so-net.ne.jp,Male,203.204.90.12
520,Garreth,Tomney,gtomneyef@yellowpages.com,Male,179.9.33.251
521,Fanny,Langfitt,flangfitteg@samsung.com,Female,104.219.31.122
522,Evaleen,Duncanson,eduncansoneh@discovery.com,Female,45.130.158.122
523,Artair,Holberry,aholberryei@ycombinator.com,Male,188.173.13.210
524,Isacco,Roddan,iroddanej@devhub.com,Male,10.172.211.180
525,Cesya,Rowden,crowdenek@hhs.gov,Female,216.117.117.216
526,Elysia,Valentim,evalentimel@walmart.com,Female,171.249.235.136
527,Michelle,Giacobillo,mgiacobilloem@mac.com,Female,41.65.9.213
528,Joshuah,Clewarth,jclewarthen@wunderground.com,Male,200.58.76.152
529,Dyana,Folini,dfolinieo@joomla.org,Female,90.195.6.196
530,Alvera,De Cleen,adecleenep@nba.com,Female,94.235.124.254
531,Binni,Duell,bduelleq@slate.com,Female,201.193.97.67
532,Thaine,McIlwrath,tmcilwrather@slideshare.net,Male,220.218.185.107
533,Suki,Gissing,sgissinges@linkedin.com,Polygender,203.31.114.9
534,Harriet,Cansfield,hcansfieldet@huffingtonpost.com,Female,181.135.120.101
535,Binny,Houldin,bhouldineu@mtv.com,Female,247.35.247.128
536,Shaw,Comfort,scomfortev@google.com.hk,Male,58.44.132.251
537,Margarita,Caile,mcaileew@chronoengine.com,Female,1.19.49.70
538,Wilek,Huskinson,whuskinsonex@va.gov,Male,66.22.204.6
539,Inessa,Dellenbrook,idellenbrookey@instagram.com,Female,16.71.220.141
540,Gareth,Colby,gcolbyez@microsoft.com,Male,118.93.237.212
541,Godfree,Suter,gsuterf0@tiny.cc,Male,241.211.228.210
542,Wyatan,Somerbell,wsomerbellf1@discuz.net,Male,156.26.241.219
543,Bay,Drought,bdroughtf2@disqus.com,Male,201.144.116.245
544,Nolie,Feaveryear,nfeaveryearf3@sogou.com,Non-binary,196.67.234.176
545,Elroy,Argue,earguef4@netlog.com,Male,229.82.54.69
546,Imogen,Aizikovitz,iaizikovitzf5@issuu.com,Female,138.92.13.49
547,Guglielmo,Archbould,garchbouldf6@cloudflare.com,Male,112.193.207.191
548,Giovanni,Preuvost,gpreuvostf7@reuters.com,Male,137.194.181.140
549,Rosabelle,Piddle,rpiddlef8@example.com,Female,121.128.52.33
550,Wells,Moyle,wmoylef9@msu.edu,Male,98.91.133.192
551,Vernen,Deer,vdeerfa@google.nl,Male,234.128.16.54
552,Jenn,Wakelam,jwakelamfb@bloglines.com,Genderqueer,107.159.234.135
553,Orson,Dollar,odollarfc@drupal.org,Male,187.252.56.128
554,Willie,Hearsum,whearsumfd@ucoz.ru,Male,221.172.76.89
555,Idalina,Mercer,imercerfe@senate.gov,Female,222.152.81.168
556,Darla,Nugent,dnugentff@forbes.com,Female,137.191.52.71
557,Adair,Borthe,aborthefg@artisteer.com,Male,194.189.74.75
558,Waly,Waddams,wwaddamsfh@hao123.com,Female,126.73.61.39
559,Bud,Topley,btopleyfi@infoseek.co.jp,Male,53.100.103.202
560,Shea,Cantrell,scantrellfj@photobucket.com,Female,141.46.119.163
561,Jareb,Mil,jmilfk@cam.ac.uk,Male,218.185.129.243
562,Kimmi,Mieville,kmievillefl@netlog.com,Female,111.43.123.124
563,Zonnya,Raddon,zraddonfm@imdb.com,Female,94.12.231.96
564,Shea,Cuniffe,scuniffefn@vimeo.com,Male,19.149.199.20
565,Darbee,Allum,dallumfo@livejournal.com,Male,189.62.57.192
566,Dru,Laslett,dlaslettfp@berkeley.edu,Male,122.26.94.122
567,Erhard,Welfair,ewelfairfq@seesaa.net,Agender,207.55.188.113
568,Emmaline,Mackison,emackisonfr@hao123.com,Female,240.79.50.11
569,Berti,Cooney,bcooneyfs@cisco.com,Male,125.147.58.135
570,Ferdinand,Blowin,fblowinft@nydailynews.com,Male,38.11.43.61
571,Jillene,Creelman,jcreelmanfu@stanford.edu,Female,118.85.28.232
572,Sarine,Boshere,sbosherefv@berkeley.edu,Female,57.232.220.194
573,Piotr,Helkin,phelkinfw@hostgator.com,Male,205.179.185.136
574,Zarla,Medler,zmedlerfx@miibeian.gov.cn,Female,3.57.14.24
575,Spence,Kestian,skestianfy@mac.com,Male,84.171.149.151
576,Thorn,Rozenzweig,trozenzweigfz@constantcontact.com,Male,86.121.229.136
577,Anet,Scripture,ascriptureg0@youku.com,Female,47.137.48.190
578,Vivie,Andrea,vandreag1@dmoz.org,Female,219.107.116.75
579,Olympe,Mcettrick,omcettrickg2@hc360.com,Female,55.8.104.84
580,Chan,Draco,cdracog3@dailymail.co.uk,Male,50.85.89.153
581,Tabb,Di Francesco,tdifrancescog4@bbc.co.uk,Male,122.189.220.160
582,Tabby,Simms,tsimmsg5@usnews.com,Female,216.204.14.90
583,Ailey,Duckerin,aduckering6@apple.com,Female,161.56.155.211
584,Sunshine,Mulholland,smulhollandg7@vkontakte.ru,Female,47.161.237.139
585,Othello,Blakemore,oblakemoreg8@foxnews.com,Male,107.22.144.61
586,Chickie,Gillon,cgillong9@yolasite.com,Male,114.180.137.20
587,Filmer,Eady,feadyga@mit.edu,Genderqueer,45.93.162.113
588,Elle,Wigfield,ewigfieldgb@msu.edu,Female,31.242.81.72
589,Brittany,Wogdon,bwogdongc@hud.gov,Female,112.219.84.59
590,Grange,Andrault,gandraultgd@usa.gov,Male,23.200.81.164
591,Nerte,Juanico,njuanicoge@wix.com,Female,140.48.225.153
592,Adolpho,Simms,asimmsgf@storify.com,Male,189.124.140.20
593,Deane,Driuzzi,ddriuzzigg@hugedomains.com,Male,84.199.35.37
594,Sydelle,Rosser,srossergh@house.gov,Female,67.241.61.198
595,Killie,Muzzollo,kmuzzollogi@clickbank.net,Male,100.48.21.135
596,Pierre,Curnnok,pcurnnokgj@last.fm,Male,81.92.155.185
597,Trevor,Marchant,tmarchantgk@usa.gov,Male,106.43.65.89
598,Morse,Knapman,mknapmangl@rambler.ru,Male,2.149.42.53
599,Dorie,Edmonson,dedmonsongm@forbes.com,Male,254.245.117.129
600,Agata,Bimson,abimsongn@bandcamp.com,Female,9.11.8.205
601,Joannes,Gideon,jgideongo@hatena.ne.jp,Female,253.181.183.183
602,Giovanna,MacCostigan,gmaccostigangp@people.com.cn,Female,162.88.229.129
603,Katrinka,Penna,kpennagq@imgur.com,Female,70.221.127.108
604,Zelig,Hamnett,zhamnettgr@craigslist.org,Male,217.196.93.45
605,Der,Simner,dsimnergs@blogs.com,Male,141.75.158.7
606,Harris,Riste,hristegt@bigcartel.com,Male,223.180.46.16
607,Daven,Musslewhite,dmusslewhitegu@123-reg.co.uk,Agender,1.138.248.21
608,Nettie,Trivett,ntrivettgv@parallels.com,Female,25.106.20.53
609,Kial,Wolfart,kwolfartgw@newsvine.com,Female,14.62.112.3
610,Neall,Freckelton,nfreckeltongx@adobe.com,Male,45.145.201.131
611,Karil,Blant,kblantgy@people.com.cn,Bigender,12.74.132.218
612,Lev,Billes,lbillesgz@qq.com,Male,26.46.73.133
613,Bartholomew,Shillum,bshillumh0@wp.com,Non-binary,254.127.161.97
614,Rollins,Tabourel,rtabourelh1@gnu.org,Male,225.11.58.221
615,Nikkie,McArd,nmcardh2@purevolume.com,Female,59.34.132.4
616,Harlene,Blackborough,hblackboroughh3@friendfeed.com,Female,134.187.19.184
617,Myrle,Lennarde,mlennardeh4@issuu.com,Female,202.31.186.64
618,Maximo,Pound,mpoundh5@utexas.edu,Male,99.73.179.16
619,Uriel,Nortunen,unortunenh6@alexa.com,Male,243.0.106.218
620,Athena,McKomb,amckombh7@last.fm,Female,56.172.227.163
621,Cathi,Heake,cheakeh8@artisteer.com,Female,15.162.55.218
622,Lorrie,Treacy,ltreacyh9@bravesites.com,Female,3.248.166.114
623,Dickie,Streatfield,dstreatfieldha@123-reg.co.uk,Male,34.181.217.13
624,Charmion,Abazi,cabazihb@ovh.net,Female,39.48.5.102
625,Frants,St Quenin,fstqueninhc@cbc.ca,Male,199.150.143.219
626,Frazer,Bedells,fbedellshd@fda.gov,Male,221.190.106.162
627,Normy,Caulliere,ncaullierehe@dagondesign.com,Male,215.10.28.187
628,Marvin,Edmonson,medmonsonhf@devhub.com,Male,241.198.8.149
629,Greggory,Hause,ghausehg@springer.com,Male,30.28.50.200
630,Emilio,Greatland,egreatlandhh@china.com.cn,Male,5.219.2.210
631,Nataline,Bolf,nbolfhi@tamu.edu,Female,207.155.177.98
632,Yurik,Lanahan,ylanahanhj@java.com,Male,163.201.162.138
633,Elfreda,Jerger,ejergerhk@stumbleupon.com,Female,6.135.189.109
634,Aile,Cristoforo,acristoforohl@japanpost.jp,Female,235.108.243.54
635,Garrik,Lecount,glecounthm@blogs.com,Male,188.140.28.207
636,Art,McAughtry,amcaughtryhn@google.ru,Male,102.196.118.145
637,Anatola,Sigart,asigartho@imdb.com,Female,81.170.196.28
638,Missie,Kubis,mkubishp@tripod.com,Genderfluid,110.115.163.243
639,Mandel,Redan,mredanhq@skyrock.com,Male,206.206.199.106
640,Chaunce,Forrestill,cforrestillhr@amazon.co.jp,Male,196.198.82.175
641,Ritchie,Hullot,rhulloths@boston.com,Male,56.138.130.242
642,Cahra,Graddon,cgraddonht@berkeley.edu,Agender,230.70.106.61
643,Thorpe,Nunnery,tnunneryhu@wikia.com,Male,4.6.76.145
644,Goddart,Bazelle,gbazellehv@bandcamp.com,Male,57.83.254.129
645,Jaynell,O'Hearn,johearnhw@fotki.com,Female,78.155.195.248
646,Andres,Saker,asakerhx@over-blog.com,Agender,223.103.129.199
647,Ynez,Campaigne,ycampaignehy@marriott.com,Female,19.200.240.177
648,Dukey,Gartenfeld,dgartenfeldhz@tmall.com,Male,120.38.147.167
649,Haily,Suche,hsuchei0@ifeng.com,Male,158.95.200.232
650,Merv,Atwood,matwoodi1@nsw.gov.au,Male,31.112.223.86
651,Joane,Robe,jrobei2@digg.com,Female,123.160.81.196
652,Kitti,Hawtin,khawtini3@taobao.com,Female,21.49.192.53
653,Constanta,Nibley,cnibleyi4@blog.com,Female,202.98.153.102
654,Annora,Mackison,amackisoni5@house.gov,Female,47.60.158.27
655,Griz,Dealey,gdealeyi6@yahoo.co.jp,Male,49.200.194.110
656,Ellyn,Pollack,epollacki7@economist.com,Female,89.219.7.246
657,Dale,Dowell,ddowelli8@e-recht24.de,Female,89.90.184.220
658,Haroun,Andreini,handreinii9@twitpic.com,Male,222.232.90.113
659,Sawyere,Chrisp,schrispia@bbb.org,Genderqueer,83.167.228.194
660,Meg,Hansman,mhansmanib@google.com.br,Female,177.237.166.179
661,Marcelo,Kerner,mkerneric@people.com.cn,Male,56.168.192.113
662,Vladimir,Fiddeman,vfiddemanid@naver.com,Male,34.187.47.225
663,Garner,Roly,grolyie@hao123.com,Male,255.25.11.219
664,Peria,MacLure,pmaclureif@cdbaby.com,Genderqueer,33.138.149.209
665,Alla,Cristoforo,acristoforoig@toplist.cz,Female,90.14.224.200
666,Celestia,Jenkyn,cjenkynih@microsoft.com,Female,143.13.94.230
667,Bobby,Gossan,bgossanii@squarespace.com,Male,77.146.127.96
668,Bibby,Corse,bcorseij@deviantart.com,Agender,116.83.156.0
669,Doroteya,Younie,dyounieik@arizona.edu,Female,91.8.253.70
670,Emanuel,Swale,eswaleil@time.com,Genderqueer,132.75.167.110
671,Christian,Dashper,cdashperim@wunderground.com,Male,156.23.78.101
672,Garry,Shippam,gshippamin@acquirethisname.com,Male,124.74.78.222
673,Had,Hurrell,hhurrellio@liveinternet.ru,Male,246.69.209.92
674,Paolo,Rourke,prourkeip@fc2.com,Male,74.185.247.243
675,Dennis,Surmon,dsurmoniq@issuu.com,Male,3.82.244.62
676,Roley,Etteridge,retteridgeir@ebay.com,Male,20.51.125.167
677,Yovonnda,Heinsen,yheinsenis@businessweek.com,Female,94.232.206.100
678,Chrissy,Cadge,ccadgeit@paypal.com,Male,87.7.165.124
679,Grover,Defrain,gdefrainiu@cdc.gov,Non-binary,175.71.136.107
680,Del,Celle,dcelleiv@4shared.com,Male,44.150.109.187
681,Domeniga,Saylor,dsayloriw@ibm.com,Bigender,58.33.218.165
682,Celina,Savaage,csavaageix@behance.net,Female,175.20.171.224
683,Leola,Cockerham,lcockerhamiy@i2i.jp,Genderqueer,167.174.74.233
684,Fabien,Coppock.,fcoppockiz@go.com,Male,176.22.120.59
685,Almire,Fanner,afannerj0@nih.gov,Female,154.127.93.154
686,Sidonia,Harmeston,sharmestonj1@wix.com,Female,180.123.189.185
687,Branden,Semaine,bsemainej2@wsj.com,Male,113.82.203.38
688,Yves,Winborn,ywinbornj3@google.cn,Male,111.94.74.122
689,Elnora,Callow,ecallowj4@purevolume.com,Female,113.6.234.198
690,Kris,Marlow,kmarlowj5@techcrunch.com,Female,247.233.94.243
691,Darlene,Windross,dwindrossj6@ibm.com,Female,144.215.93.4
692,Patrice,Pickering,ppickeringj7@tumblr.com,Male,61.77.115.37
693,Gaspard,Bauman,gbaumanj8@chicagotribune.com,Bigender,246.153.120.67
694,Willi,Novak,wnovakj9@dailymotion.com,Female,160.151.134.140
695,Oby,Ecclestone,oecclestoneja@aboutads.info,Male,111.7.198.75
696,Gare,Winscomb,gwinscombjb@nsw.gov.au,Male,244.198.170.198
697,Haily,Prescott,hprescottjc@blog.com,Male,31.81.136.57
698,Halsey,Ramsey,hramseyjd@shareasale.com,Male,3.195.255.231
699,Oby,Farrell,ofarrellje@aol.com,Male,58.250.216.39
700,Maggy,Creane,mcreanejf@altervista.org,Female,34.187.168.199
701,Sigfrid,Weatherup,sweatherupjg@harvard.edu,Male,127.252.88.14
702,Deerdre,Yanukhin,dyanukhinjh@stanford.edu,Female,51.126.106.157
703,Serge,Carver,scarverji@sogou.com,Male,53.119.74.19
704,Saunders,Feldon,sfeldonjj@ibm.com,Male,50.237.33.81
705,Jessey,McGraffin,jmcgraffinjk@fema.gov,Male,133.44.73.122
706,Rakel,Waterson,rwatersonjl@indiatimes.com,Female,250.180.112.17
707,Calypso,Radley,cradleyjm@joomla.org,Female,248.115.125.74
708,Boyce,Kenwood,bkenwoodjn@wikimedia.org,Male,46.203.75.254
709,Kerry,Brixey,kbrixeyjo@themeforest.net,Polygender,13.213.122.99
710,Joelynn,O'Cahill,jocahilljp@blogs.com,Female,29.24.233.203
711,Gerik,Relf,grelfjq@paypal.com,Male,112.19.27.177
712,Prent,Cocksedge,pcocksedgejr@amazonaws.com,Male,236.221.181.222
713,Rutter,McCudden,rmccuddenjs@typepad.com,Male,247.148.62.236
714,Gabriel,Sedge,gsedgejt@nymag.com,Male,64.27.241.252
715,Giles,Rosenblum,grosenblumju@nature.com,Male,190.164.91.166
716,Denis,Iles,dilesjv@weebly.com,Male,220.193.175.137
717,Seka,MacConnechie,smacconnechiejw@barnesandnoble.com,Female,155.121.128.181
718,Lola,Pieche,lpiechejx@paginegialle.it,Female,49.183.36.160
719,Leslie,Hadye,lhadyejy@kickstarter.com,Male,7.7.106.47
720,Sheila,Hattiff,shattiffjz@wikia.com,Female,138.187.72.161
721,Allix,Wharf,awharfk0@360.cn,Female,233.178.5.70
722,Lanita,O'Hartnett,lohartnettk1@4shared.com,Female,218.179.74.57
723,Sutherland,Stearley,sstearleyk2@mapquest.com,Male,125.45.201.20
724,Annmaria,Cordle,acordlek3@behance.net,Female,33.208.209.94
725,Maxwell,Jurkowski,mjurkowskik4@booking.com,Male,131.121.205.95
726,Chaddy,Dabner,cdabnerk5@artisteer.com,Male,73.98.50.205
727,Lynsey,Scutchin,lscutchink6@blogs.com,Female,229.219.185.235
728,Nobie,Huetson,nhuetsonk7@jigsy.com,Male,104.176.226.149
729,Cam,Dibner,cdibnerk8@accuweather.com,Male,152.63.173.100
730,Guillermo,Melliard,gmelliardk9@wordpress.org,Male,203.107.197.98
731,Grace,Sieb,gsiebka@ocn.ne.jp,Male,104.243.244.141
732,Gallagher,Quainton,gquaintonkb@wikia.com,Male,177.64.71.31
733,Roderich,O'Hagerty,rohagertykc@cbsnews.com,Bigender,1.19.148.101
734,Ewart,Bigrigg,ebigriggkd@cnet.com,Male,83.160.102.233
735,Earle,Beagley,ebeagleyke@princeton.edu,Bigender,98.155.172.135
736,Zoe,Jouhning,zjouhningkf@dropbox.com,Female,166.219.64.222
737,Geraldine,Kleingrub,gkleingrubkg@histats.com,Female,33.200.206.40
738,Rupert,Klosges,rklosgeskh@g.co,Male,181.80.37.183
739,Hester,Wheeler,hwheelerki@mac.com,Female,132.145.208.108
740,Calvin,Rimer,crimerkj@howstuffworks.com,Male,171.156.135.8
741,Stan,Mallalieu,smallalieukk@yelp.com,Male,234.182.68.151
742,Gay,Woolens,gwoolenskl@istockphoto.com,Male,213.146.39.90
743,Stoddard,McCowen,smccowenkm@bloglovin.com,Female,9.223.84.222
744,Paolina,Barsham,pbarshamkn@flickr.com,Female,180.223.148.160
745,Rani,Handke,rhandkeko@blogger.com,Female,66.61.124.38
746,Lucinda,Slym,lslymkp@omniture.com,Female,118.104.231.109
747,Horatius,Pury,hpurykq@issuu.com,Male,167.83.115.132
748,Mignon,Baytrop,mbaytropkr@psu.edu,Female,73.51.157.113
749,Cordie,Dew,cdewks@abc.net.au,Male,127.178.216.120
750,Konstanze,Boumphrey,kboumphreykt@tripadvisor.com,Polygender,26.222.146.86
751,Ali,Colecrough,acolecroughku@trellian.com,Female,63.62.149.70
752,Roby,Yedall,ryedallkv@reddit.com,Female,51.7.128.164
753,Nikolai,Gerding,ngerdingkw@yelp.com,Male,172.217.90.66
754,Ernesto,Chasen,echasenkx@smh.com.au,Male,131.148.158.235
755,Claribel,Eede,ceedeky@livejournal.com,Female,53.244.149.215
756,Hilario,Lombard,hlombardkz@skyrock.com,Genderfluid,78.231.236.203
757,Brander,Aicheson,baichesonl0@cnet.com,Male,232.12.205.175
758,Kali,Sanday,ksandayl1@zimbio.com,Female,151.156.236.54
759,Janene,Kither,jkitherl2@studiopress.com,Female,22.185.199.104
760,Ronna,Maydwell,rmaydwelll3@yolasite.com,Female,179.15.211.233
761,Constancy,Challen,cchallenl4@bravesites.com,Female,143.84.108.154
762,Babara,Delyth,bdelythl5@epa.gov,Female,110.61.243.180
763,Alice,Warrender,awarrenderl6@skype.com,Female,160.147.136.194
764,Peggy,Faraker,pfarakerl7@telegraph.co.uk,Female,228.87.201.83
765,Imojean,Bourcq,ibourcql8@sun.com,Genderqueer,112.224.20.15
766,Edna,Rayworth,erayworthl9@hubpages.com,Female,210.47.206.108
767,Yardley,Linnard,ylinnardla@nasa.gov,Male,1.175.246.54
768,Karlen,Nolder,knolderlb@macromedia.com,Female,17.217.229.30
769,Gardie,Dunlea,gdunlealc@si.edu,Agender,106.131.91.229
770,Babara,Finlason,bfinlasonld@slate.com,Female,83.227.31.73
771,Reynard,Allanson,rallansonle@wired.com,Agender,38.239.23.247
772,Ann-marie,Clail,aclaillf@macromedia.com,Female,229.55.127.151
773,Gabriel,Canellas,gcanellaslg@google.nl,Female,179.186.21.152
774,Veda,Bolles,vbolleslh@webmd.com,Female,37.62.149.111
775,Minnnie,Kruschev,mkruschevli@pagesperso-orange.fr,Female,17.133.166.135
776,Gwendolen,Frantzeni,gfrantzenilj@constantcontact.com,Female,233.135.16.145
777,Rutger,Raselles,rraselleslk@usatoday.com,Male,212.136.109.106
778,Lyndsay,Brouwer,lbrouwerll@census.gov,Female,239.41.150.108
779,Bobinette,Fassum,bfassumlm@wikipedia.org,Female,148.215.118.14
780,Deane,Spackman,dspackmanln@pbs.org,Female,70.5.77.51
781,Gordy,Reveley,greveleylo@youtube.com,Male,169.91.195.233
782,Dagny,Jordan,djordanlp@ifeng.com,Male,219.206.235.86
783,Elsworth,Baugham,ebaughamlq@fema.gov,Genderfluid,7.86.224.173
784,Leslie,Fusco,lfuscolr@stumbleupon.com,Female,254.113.44.136
785,Bernarr,Doughtery,bdoughteryls@quantcast.com,Male,185.233.199.51
786,Sheffield,Collacombe,scollacombelt@wikia.com,Male,99.14.132.241
787,Granville,Dreamer,gdreamerlu@netlog.com,Male,95.57.255.19
788,Winona,Tremayne,wtremaynelv@apple.com,Female,244.121.108.48
789,Modestine,Gilks,mgilkslw@bandcamp.com,Female,138.191.174.14
790,Maximilian,Keppe,mkeppelx@elpais.com,Male,180.127.245.160
791,Even,Winley,ewinleyly@reverbnation.com,Male,113.248.172.207
792,Carmelle,Braven,cbravenlz@hostgator.com,Female,200.210.157.208
793,Noelyn,Eustice,neusticem0@wordpress.org,Female,95.17.177.122
794,Thebault,Beaulieu,tbeaulieum1@who.int,Male,9.115.85.168
795,Starla,Masters,smastersm2@independent.co.uk,Polygender,18.150.52.144
796,Maddy,Hanmer,mhanmerm3@cmu.edu,Male,208.103.217.171
797,Hamel,Aitken,haitkenm4@dell.com,Male,102.232.62.73
798,Ellary,Quincey,equinceym5@samsung.com,Male,225.27.210.149
799,Lorraine,Snalham,lsnalhamm6@hibu.com,Female,107.202.159.195
800,Roz,Mochan,rmochanm7@goo.gl,Female,219.42.75.177
801,Von,Wetherell,vwetherellm8@bluehost.com,Male,29.122.65.192
802,Bendix,Longfellow,blongfellowm9@behance.net,Male,180.157.197.232
803,Belva,Grieves,bgrievesma@imgur.com,Female,78.40.51.243
804,Bengt,Wickmann,bwickmannmb@mozilla.org,Polygender,14.36.112.85
805,Hermine,Kubyszek,hkubyszekmc@histats.com,Female,16.94.145.252
806,Gorden,Wyldish,gwyldishmd@mail.ru,Male,175.35.242.5
807,Gerty,Cleveley,gcleveleyme@people.com.cn,Female,82.226.140.34
808,Ross,Riha,rrihamf@homestead.com,Male,118.115.104.60
809,Rosy,Glendzer,rglendzermg@rambler.ru,Female,94.97.116.189
810,Lucien,Gilsthorpe,lgilsthorpemh@canalblog.com,Male,128.154.6.231
811,Alejandro,Antognoni,aantognonimi@fda.gov,Male,155.106.90.102
812,Blisse,Cavee,bcaveemj@arstechnica.com,Female,25.42.0.253
813,Minnaminnie,Simkiss,msimkissmk@nih.gov,Genderfluid,120.75.160.57
814,Charmian,Neesam,cneesamml@ocn.ne.jp,Female,25.36.33.21
815,Conan,Fearnill,cfearnillmm@latimes.com,Male,16.156.43.189
816,Angeli,Huddart,ahuddartmn@state.gov,Male,209.205.112.77
817,Renault,Bellingham,rbellinghammo@soundcloud.com,Polygender,191.38.147.242
818,Frannie,Plott,fplottmp@examiner.com,Male,247.244.45.184
819,Gardy,Lendon,glendonmq@technorati.com,Male,229.190.70.202
820,Julian,Bartolic,jbartolicmr@army.mil,Male,1.4.121.132
821,Cymbre,Rief,criefms@chronoengine.com,Female,2.201.18.115
822,Wilona,Audley,waudleymt@nba.com,Bigender,205.3.43.66
823,Wendeline,Kroll,wkrollmu@dell.com,Female,31.229.232.191
824,Janos,Coveley,jcoveleymv@wikimedia.org,Male,58.131.173.203
825,Helene,Demaid,hdemaidmw@so-net.ne.jp,Non-binary,38.62.160.177
826,Yuri,Chater,ychatermx@slashdot.org,Male,76.210.146.230
827,Martin,Sange,msangemy@boston.com,Male,84.147.252.145
828,Meggi,Dryburgh,mdryburghmz@51.la,Female,244.200.54.245
829,Astra,Joesbury,ajoesburyn0@va.gov,Female,178.225.15.2
830,Leeanne,Boreland,lborelandn1@samsung.com,Female,183.142.63.35
831,Pall,McGavin,pmcgavinn2@discuz.net,Non-binary,226.96.74.229
832,Freddy,Sprowell,fsprowelln3@dot.gov,Agender,187.152.98.127
833,Jonathan,Marriner,jmarrinern4@rediff.com,Male,13.164.110.187
834,Marlow,Schwant,mschwantn5@comcast.net,Male,246.106.44.101
835,Heddi,Engledow,hengledown6@dagondesign.com,Female,115.209.184.217
836,Harriet,Wren,hwrenn7@cpanel.net,Female,19.168.183.251
837,Letta,Birtley,lbirtleyn8@hatena.ne.jp,Female,227.69.234.1
838,Sheela,Berkelay,sberkelayn9@slideshare.net,Female,203.167.185.191
839,Eolande,D'Angeli,edangelina@facebook.com,Female,179.225.17.234
840,Ida,Vearncomb,ivearncombnb@state.tx.us,Genderfluid,84.50.220.112
841,Birgitta,Wistance,bwistancenc@newsvine.com,Female,51.59.127.157
842,De,MacKonochie,dmackonochiend@cnet.com,Female,81.93.164.59
843,Pattie,Spragg,pspraggne@hibu.com,Male,72.231.114.193
844,Kristopher,Richardeau,krichardeaunf@usatoday.com,Genderqueer,24.128.188.200
845,Cort,Riddle,criddleng@com.com,Male,161.35.51.174
846,Dale,Folds,dfoldsnh@soundcloud.com,Bigender,200.240.118.62
847,Felike,de Castelain,fdecastelainni@princeton.edu,Male,72.250.13.248
848,Evered,Powland,epowlandnj@chronoengine.com,Male,238.125.182.94
849,Meriel,Rigardeau,mrigardeaunk@godaddy.com,Female,248.148.141.127
850,Kippy,Macbane,kmacbanenl@ca.gov,Male,140.250.29.156
851,Reinold,Doust,rdoustnm@liveinternet.ru,Male,34.159.242.176
852,Venita,Schoolcroft,vschoolcroftnn@twitpic.com,Female,75.74.252.20
853,Arin,Hearst,ahearstno@adobe.com,Male,62.28.119.98
854,Jedd,Wyne,jwynenp@answers.com,Male,249.201.109.26
855,Andre,Barr,abarrnq@simplemachines.org,Male,168.2.29.245
856,Amaleta,Bareford,abarefordnr@reference.com,Agender,170.24.255.45
857,Genvieve,Fance,gfancens@gravatar.com,Female,148.68.79.222
858,Adams,Stooders,astoodersnt@com.com,Male,78.134.6.10
859,Lorettalorna,Beaconsall,lbeaconsallnu@sphinn.com,Female,216.254.238.156
860,Yardley,Paquet,ypaquetnv@google.com.br,Male,139.118.6.165
861,Gussy,Ackhurst,gackhurstnw@elegantthemes.com,Female,20.171.185.164
862,Meridith,Del Checolo,mdelchecolonx@mit.edu,Female,30.160.0.12
863,Prescott,Matiewe,pmatieweny@cargocollective.com,Male,155.208.186.28
864,Jazmin,Ungaretti,jungarettinz@dell.com,Female,171.153.236.243
865,Ahmed,Mattioli,amattiolio0@lulu.com,Male,219.222.10.97
866,Rycca,Truscott,rtruscotto1@hc360.com,Female,143.45.50.108
867,Lillis,Crimes,lcrimeso2@newyorker.com,Female,112.200.219.235
868,Melisent,Storry,mstorryo3@woothemes.com,Female,25.164.101.197
869,Carrol,Minger,cmingero4@dot.gov,Male,67.35.44.17
870,Bradford,Headly,bheadlyo5@mail.ru,Male,248.156.253.117
871,Arri,Aveling,aavelingo6@ycombinator.com,Non-binary,63.92.204.69
872,Scotti,Harse,sharseo7@yellowpages.com,Male,73.218.174.219
873,Brandy,Hanhard,bhanhardo8@cbslocal.com,Male,65.52.103.24
874,Riva,Ramberg,rrambergo9@hubpages.com,Female,45.10.76.2
875,Baily,Dufour,bdufouroa@wisc.edu,Male,45.180.56.11
876,Gualterio,Thorp,gthorpob@timesonline.co.uk,Bigender,69.58.159.154
877,Oralie,Rosterne,orosterneoc@walmart.com,Female,201.170.250.109
878,Merwyn,Di Franceshci,mdifranceshciod@is.gd,Male,169.10.200.213
879,Connor,Ludwell,cludwelloe@odnoklassniki.ru,Male,107.200.8.111
880,Mae,Scryne,mscryneof@usnews.com,Female,170.27.208.54
881,Rad,Cowhig,rcowhigog@columbia.edu,Polygender,95.51.46.174
882,Clifford,Anshell,canshelloh@instagram.com,Male,180.33.101.180
883,Giacinta,Ronayne,gronayneoi@mapquest.com,Female,163.196.18.32
884,Grier,Palley,gpalleyoj@pcworld.com,Female,154.45.183.96
885,Nicoline,Chable,nchableok@independent.co.uk,Female,90.120.226.252
886,Sandy,Blanket,sblanketol@java.com,Male,245.4.152.45
887,Mauricio,Sporgeon,msporgeonom@nature.com,Male,243.228.11.94
888,Sharai,Bouldon,sbouldonon@sogou.com,Agender,56.201.197.20
889,Larina,Reavell,lreavelloo@tmall.com,Genderfluid,116.153.199.84
890,Abey,Arkcoll,aarkcollop@ocn.ne.jp,Male,165.156.229.126
891,Cheston,Oram,coramoq@google.com.br,Male,172.210.217.222
892,Haleigh,Butson,hbutsonor@smh.com.au,Male,25.20.200.129
893,Early,Dufton,eduftonos@quantcast.com,Male,72.186.102.158
894,Manon,Hiley,mhileyot@discovery.com,Female,39.39.137.58
895,Tab,Wellsman,twellsmanou@pinterest.com,Male,166.42.130.115
896,Anton,Clayborn,aclaybornov@mac.com,Male,144.142.40.18
897,Kinnie,Carradice,kcarradiceow@yelp.com,Male,85.155.91.128
898,Luci,Eastwell,leastwellox@csmonitor.com,Genderqueer,91.247.213.201
899,Klement,Silver,ksilveroy@stanford.edu,Male,65.40.59.115
900,Miller,Bonson,mbonsonoz@kickstarter.com,Male,103.227.72.167
901,Courtenay,Courtier,ccourtierp0@reuters.com,Female,53.161.116.186
902,Sibyl,Surpliss,ssurplissp1@liveinternet.ru,Male,16.0.86.89
903,Massimiliano,Lusk,mluskp2@skyrock.com,Male,26.227.28.127
904,Carmine,Berkery,cberkeryp3@admin.ch,Female,71.97.245.142
905,Alberik,Catling,acatlingp4@netlog.com,Genderqueer,168.54.142.231
906,Sheri,Sebring,ssebringp5@liveinternet.ru,Female,215.82.63.116
907,Haley,Chippin,hchippinp6@mac.com,Male,111.4.77.249
908,Kettie,Leivers,kleiversp7@globo.com,Female,253.229.95.206
909,Gustie,Hardingham,ghardinghamp8@businesswire.com,Female,232.127.204.198
910,Valene,Bensen,vbensenp9@uol.com.br,Female,226.149.194.94
911,Mauricio,Geare,mgearepa@mozilla.org,Male,86.175.160.31
912,Launce,Blazevic,lblazevicpb@microsoft.com,Male,118.232.223.241
913,Nicky,MacGlory,nmacglorypc@seesaa.net,Female,73.234.72.217
914,Michaeline,Boote,mbootepd@census.gov,Female,25.243.214.38
915,Dyanna,Gawkes,dgawkespe@dot.gov,Female,240.65.217.205
916,Gannon,Bouch,gbouchpf@paginegialle.it,Male,219.229.102.201
917,Gussie,Ochterlony,gochterlonypg@rediff.com,Female,158.116.11.254
918,Ophelie,Gever,ogeverph@answers.com,Female,29.231.49.56
919,Willetta,Tyhurst,wtyhurstpi@nyu.edu,Female,170.180.249.106
920,Xena,Slaymaker,xslaymakerpj@uol.com.br,Female,100.241.215.120
921,Lucretia,Strathern,lstrathernpk@google.com.br,Female,243.122.150.96
922,Christian,Masson,cmassonpl@sakura.ne.jp,Male,232.28.239.50
923,Reinhard,Gearty,rgeartypm@quantcast.com,Male,249.96.90.37
924,Adam,Bullivent,abulliventpn@elpais.com,Male,228.159.173.217
925,Dame,Brennand,dbrennandpo@patch.com,Male,235.230.121.241
926,Ravi,Vearnals,rvearnalspp@list-manage.com,Male,179.96.197.20
927,Sheri,De Giorgio,sdegiorgiopq@webs.com,Female,44.171.134.100
928,Bartie,Rainer,brainerpr@cornell.edu,Male,214.29.140.28
929,Missie,Dubery,mduberyps@apache.org,Female,254.108.27.18
930,Scarface,McNirlan,smcnirlanpt@indiatimes.com,Male,14.192.53.177
931,Tripp,Broadwood,tbroadwoodpu@rediff.com,Male,79.55.69.130
932,Ina,Parmer,iparmerpv@omniture.com,Female,86.205.30.10
933,Wells,Syme,wsymepw@skyrock.com,Non-binary,88.17.218.172
934,Marguerite,Clementel,mclementelpx@upenn.edu,Female,45.232.13.94
935,Addia,Eglese,aeglesepy@e-recht24.de,Bigender,157.82.205.142
936,Oralee,Cockell,ocockellpz@twitter.com,Female,3.37.50.219
937,Amity,Cuschieri,acuschieriq0@ameblo.jp,Female,155.90.6.145
938,Verna,Tilne,vtilneq1@google.com.au,Female,34.223.214.12
939,Lisle,Mammatt,lmammattq2@sciencedirect.com,Male,245.8.246.103
940,Iona,Elis,ielisq3@1688.com,Female,129.193.105.19
941,Sandra,Priddy,spriddyq4@foxnews.com,Female,168.104.87.36
942,Ula,Hamor,uhamorq5@aol.com,Female,166.57.82.233
943,Shermie,Hatchett,shatchettq6@cnet.com,Male,121.242.170.158
944,Jeanna,Kieff,jkieffq7@whitehouse.gov,Female,9.125.121.226
945,Marga,Mahood,mmahoodq8@state.tx.us,Female,6.0.184.105
946,Celine,Keays,ckeaysq9@sourceforge.net,Female,150.154.107.41
947,Darci,Derr,dderrqa@nih.gov,Female,206.45.199.57
948,Bernardo,Mcall,bmcallqb@addthis.com,Male,60.88.81.145
949,Nathaniel,Norris,nnorrisqc@123-reg.co.uk,Male,118.168.231.56
950,Kelly,Wightman,kwightmanqd@posterous.com,Female,71.29.27.220
951,Rocky,Linch,rlinchqe@shop-pro.jp,Male,144.76.243.131
952,Hewett,Gildea,hgildeaqf@webeden.co.uk,Male,202.249.246.162
953,Horst,Bounde,hboundeqg@businessinsider.com,Male,223.203.184.183
954,Karoline,Killner,kkillnerqh@smugmug.com,Female,101.105.131.67
955,Charita,Pechell,cpechellqi@wsj.com,Female,96.134.134.59
956,Reginald,Hollingsby,rhollingsbyqj@mtv.com,Male,13.60.24.13
957,Bryant,Steger,bstegerqk@goo.gl,Male,21.113.170.209
958,Helena,Vedyasov,hvedyasovql@imageshack.us,Female,158.85.189.55
959,Jocelin,Quipp,jquippqm@springer.com,Female,197.165.217.216
960,Trenton,Guinane,tguinaneqn@omniture.com,Male,8.246.202.113
961,Elene,Winks,ewinksqo@flickr.com,Bigender,204.7.15.175
962,Carol-jean,Weight,cweightqp@howstuffworks.com,Female,141.31.241.159
963,Jannelle,Carnilian,jcarnilianqq@facebook.com,Female,120.249.252.33
964,Zerk,Isted,zistedqr@list-manage.com,Male,200.120.60.222
965,Elroy,Reichartz,ereichartzqs@goo.ne.jp,Male,117.40.206.182
966,Tasha,Jiggins,tjigginsqt@cdbaby.com,Female,38.76.143.3
967,Arabela,Bysaker,abysakerqu@google.ca,Female,183.42.172.252
968,Suzanna,Zelake,szelakeqv@toplist.cz,Female,246.240.36.253
969,Jenilee,Otton,jottonqw@bbc.co.uk,Female,210.125.78.53
970,Raven,Emmerson,remmersonqx@constantcontact.com,Female,80.189.38.158
971,Debbi,Cranshaw,dcranshawqy@google.com,Female,222.66.93.71
972,Willyt,Kerwin,wkerwinqz@seesaa.net,Female,180.68.252.73
973,Orlan,Morten,omortenr0@xing.com,Male,115.234.208.101
974,Dorri,Patkin,dpatkinr1@weather.com,Female,97.81.167.0
975,Haleigh,Scoon,hscoonr2@sourceforge.net,Genderqueer,75.51.43.117
976,Reeta,Durdle,rdurdler3@people.com.cn,Female,14.188.235.83
977,Bettye,Bridgwood,bbridgwoodr4@pcworld.com,Female,236.62.204.23
978,Jackie,Cammell,jcammellr5@ca.gov,Female,132.148.93.108
979,Agathe,Baynes,abaynesr6@homestead.com,Female,187.241.49.142
980,Renell,Downgate,rdowngater7@feedburner.com,Female,248.211.169.220
981,Cody,Jancik,cjancikr8@etsy.com,Female,165.240.92.237
982,Gavrielle,Ferron,gferronr9@spotify.com,Female,246.3.178.74
983,Keir,Geard,kgeardra@chron.com,Male,143.8.227.111
984,Darb,Etches,detchesrb@posterous.com,Female,37.62.21.211
985,Genevieve,Howselee,ghowseleerc@discovery.com,Female,129.159.131.251
986,Angeline,Debold,adeboldrd@samsung.com,Female,157.244.161.218
987,Sapphira,Feek,sfeekre@imgur.com,Female,28.28.147.98
988,Glenden,Pigeon,gpigeonrf@patch.com,Male,234.24.89.147
989,Shay,Sullivan,ssullivanrg@adobe.com,Male,225.22.17.232
990,Tannie,Boat,tboatrh@free.fr,Male,163.125.155.238
991,Franz,Pinches,fpinchesri@cargocollective.com,Male,17.162.121.194
992,Aguie,Summerlee,asummerleerj@paypal.com,Male,142.47.102.98
993,Letta,Wise,lwiserk@yahoo.co.jp,Female,61.54.98.188
994,Zach,Cornilli,zcornillirl@gravatar.com,Male,205.196.171.213
995,Carleton,Belf,cbelfrm@sun.com,Male,213.241.251.66
996,Simone,Fuster,sfusterrn@hao123.com,Genderfluid,46.211.92.66
997,Dorita,Donat,ddonatro@disqus.com,Female,30.96.41.160
998,Ruy,Potbury,rpotburyrp@dell.com,Male,115.112.235.133
999,Ernesto,Bramford,ebramfordrq@ed.gov,Male,254.29.129.60
1000,Corissa,Kaufman,ckaufmanrr@narod.ru,Female,136.99.68.120
